id,nombre,pais,fecha_nacimiento,telefono,correo,contraseña,saldo,divisa
1,Brian Haas,Reino Unido,1980-12-14,72(011)935-82-75,Brian Haas@gmail.com,244823,912,Euro
2,Laura Nelson,Reino Unido,1980-11-17,12(0979)945-55-20,Laura Nelson@gmail.com,893842,25,Dolar US
3,Richard Johnson,Reino Unido,1989-06-09,9(505)441-03-47,Richard Johnson@gmail.com,997632,529,Libra
4,Jennifer Hernandez,Reino Unido,1996-08-30,781(914)033-69-98,Jennifer Hernandez@gmail.com,820698,778,Dolar CA
5,William Robinson,Reino Unido,1965-04-09,0(3688)336-37-01,William Robinson@gmail.com,326679,121,Euro
6,Maria Yu,Canada,2004-07-27,80(4908)021-61-15,Maria Yu@gmail.com,729204,813,Libra
7,Gregory Freeman,Reino Unido,1997-03-17,2(691)358-98-60,Gregory Freeman@gmail.com,447723,485,Dolar US
8,Aaron Haney,Reino Unido,1993-03-03,2(0139)272-59-86,Aaron Haney@gmail.com,428950,778,Dolar CA
9,Kimberly Frye,Canada,1996-12-19,3(3752)054-95-35,Kimberly Frye@gmail.com,686817,883,Dolar CA
10,Brittany Pacheco,Reino Unido,1971-08-20,38(307)190-34-92,Brittany Pacheco@gmail.com,767059,371,Dolar CA
11,Rodney Malone,Reino Unido,1977-08-12,0(033)636-27-57,Rodney Malone@gmail.com,225926,34,Euro
12,Logan King,Estados Unidos,1983-08-07,0(597)951-05-24,Logan King@gmail.com,409044,343,Euro
13,Angelica Gutierrez,Canada,2004-06-18,1(1232)782-05-48,Angelica Gutierrez@gmail.com,502241,364,Euro
14,Rebekah Morrow,Estados Unidos,1981-10-17,2(0640)399-50-47,Rebekah Morrow@gmail.com,287344,283,Libra
15,Joseph Moore,Reino Unido,1957-12-25,49(61)981-80-23,Joseph Moore@gmail.com,894710,264,Dolar US
16,Theresa Wright,Reino Unido,1959-11-09,03(0444)884-83-42,Theresa Wright@gmail.com,116770,209,Libra
17,Amanda Ward,Estados Unidos,1978-09-28,8(0041)497-30-96,Amanda Ward@gmail.com,236233,250,Libra
18,Danielle Harper,Reino Unido,1983-05-28,00(058)063-44-69,Danielle Harper@gmail.com,650823,210,Dolar US
19,Chad Rodriguez,Estados Unidos,1990-01-26,785(8094)818-91-55,Chad Rodriguez@gmail.com,189252,771,Dolar US
20,Omar Ramsey,Canada,2000-11-14,5(1177)306-86-56,Omar Ramsey@gmail.com,744274,46,Euro
21,Donald Myers,Estados Unidos,1987-12-09,42(23)689-86-99,Donald Myers@gmail.com,506587,495,Dolar US
22,Brianna Herring,Reino Unido,1979-09-28,4(72)890-03-07,Brianna Herring@gmail.com,930428,341,Libra
23,Sheri Carson DVM,Reino Unido,2002-09-26,7(917)304-46-24,Sheri Carson DVM@gmail.com,978775,472,Euro
24,David Stone,Canada,1989-08-09,93(175)086-08-74,David Stone@gmail.com,683802,89,Libra
25,Katherine Mills,Estados Unidos,1959-05-31,566(5857)626-25-07,Katherine Mills@gmail.com,700030,819,Libra
26,Shawn Anderson,Canada,2000-07-28,42(184)611-58-54,Shawn Anderson@gmail.com,245997,340,Dolar US
27,Kyle Farley,Estados Unidos,1999-05-03,21(89)614-88-73,Kyle Farley@gmail.com,793317,229,Dolar CA
28,Jennifer Deleon,Canada,1998-09-01,583(4458)298-77-42,Jennifer Deleon@gmail.com,952661,204,Dolar CA
29,Bruce Welch,Reino Unido,1974-05-30,7(353)156-93-33,Bruce Welch@gmail.com,642720,29,Dolar CA
30,Gwendolyn Russo,Canada,1989-01-17,8(66)123-74-26,Gwendolyn Russo@gmail.com,428729,428,Dolar US
31,Barbara Hunter,Canada,1962-09-28,0(42)763-08-46,Barbara Hunter@gmail.com,529948,606,Dolar US
32,Aaron Sutton,Estados Unidos,1972-04-15,49(8279)450-69-80,Aaron Sutton@gmail.com,266506,519,Euro
33,Sean Anderson,Reino Unido,2001-02-28,4(35)534-26-50,Sean Anderson@gmail.com,948897,633,Dolar CA
34,Melanie Garcia,Reino Unido,1956-08-09,1(505)323-37-83,Melanie Garcia@gmail.com,473387,820,Euro
35,Thomas Holmes,Reino Unido,1963-06-18,82(077)238-57-12,Thomas Holmes@gmail.com,235000,121,Libra
36,Sherry Lewis,Canada,1952-12-03,1(48)532-85-62,Sherry Lewis@gmail.com,562595,957,Dolar CA
37,Kristine Martinez,Reino Unido,1981-02-06,5(638)358-78-25,Kristine Martinez@gmail.com,247612,410,Libra
38,Randy Gutierrez,Canada,1969-03-29,07(389)782-01-16,Randy Gutierrez@gmail.com,558685,715,Euro
39,Ariana Henderson PhD,Reino Unido,1984-10-12,392(66)704-67-28,Ariana Henderson PhD@gmail.com,656984,372,Euro
40,Margaret Young,Estados Unidos,1970-01-06,6(0229)969-26-03,Margaret Young@gmail.com,529851,246,Libra
41,Ashley Hernandez,Reino Unido,2002-07-13,8(1177)657-01-43,Ashley Hernandez@gmail.com,330900,517,Euro
42,Thomas Castillo,Canada,1964-03-09,798(2064)232-94-61,Thomas Castillo@gmail.com,929228,828,Libra
43,Terry Thomas,Reino Unido,1993-01-30,3(41)175-97-74,Terry Thomas@gmail.com,778676,580,Euro
44,Joe Allen,Estados Unidos,1993-11-05,7(05)366-77-91,Joe Allen@gmail.com,698343,413,Dolar CA
45,Jesse Martin,Estados Unidos,2003-01-03,856(9923)258-84-65,Jesse Martin@gmail.com,275862,54,Libra
46,Amy Flores,Reino Unido,1975-11-02,721(8014)926-02-46,Amy Flores@gmail.com,336042,902,Dolar US
47,Elizabeth Fisher,Canada,1951-12-03,458(898)779-32-81,Elizabeth Fisher@gmail.com,666208,596,Dolar CA
48,Jose Brady,Reino Unido,1974-03-15,99(91)600-30-27,Jose Brady@gmail.com,677258,560,Dolar CA
49,Damon Cruz,Estados Unidos,1955-09-10,012(8087)644-97-21,Damon Cruz@gmail.com,267817,659,Dolar US
50,Diana Lynch,Canada,1963-06-22,1(51)381-31-26,Diana Lynch@gmail.com,726934,604,Dolar CA
51,Brian Jimenez,Canada,1995-12-17,871(59)476-01-10,Brian Jimenez@gmail.com,218064,478,Dolar CA
52,Ronald Morton,Estados Unidos,1987-11-11,310(266)955-36-80,Ronald Morton@gmail.com,107445,154,Euro
53,Benjamin Torres,Canada,2001-10-01,67(8379)467-67-74,Benjamin Torres@gmail.com,292016,727,Dolar CA
54,Vincent Nguyen,Canada,2003-07-06,9(611)518-15-59,Vincent Nguyen@gmail.com,462791,985,Dolar US
55,Jason Chapman,Reino Unido,1978-09-18,16(94)732-20-08,Jason Chapman@gmail.com,657481,239,Dolar US
56,Isabella Foster,Estados Unidos,1990-05-29,830(8689)418-56-44,Isabella Foster@gmail.com,112334,261,Euro
57,Brandon Scott,Estados Unidos,1980-04-06,5(35)938-25-92,Brandon Scott@gmail.com,367377,423,Dolar CA
58,David Shepherd,Canada,1969-03-18,71(884)745-16-37,David Shepherd@gmail.com,211436,100,Libra
59,Michelle Scott,Reino Unido,1954-06-19,8(44)896-72-59,Michelle Scott@gmail.com,288058,979,Dolar US
60,Luis Kelly,Estados Unidos,1987-01-04,421(38)235-08-02,Luis Kelly@gmail.com,889298,183,Dolar US
61,Stacy Brown,Canada,1981-09-22,49(2016)969-69-46,Stacy Brown@gmail.com,267270,429,Euro
62,Robin Baker,Reino Unido,2002-10-17,898(37)506-58-78,Robin Baker@gmail.com,836737,222,Dolar CA
63,Laura Hudson,Estados Unidos,1978-12-15,1(9480)197-06-65,Laura Hudson@gmail.com,224257,147,Dolar CA
64,Monica Webster,Reino Unido,1951-09-24,4(225)061-03-78,Monica Webster@gmail.com,882465,21,Euro
65,Jonathan Griffin,Estados Unidos,1960-09-27,5(32)700-82-06,Jonathan Griffin@gmail.com,909600,942,Euro
66,David Flowers,Reino Unido,2001-10-03,7(80)329-88-95,David Flowers@gmail.com,357440,111,Dolar US
67,Nancy Doyle,Reino Unido,2003-10-11,097(0293)006-19-82,Nancy Doyle@gmail.com,515991,818,Libra
68,Dylan Scott,Estados Unidos,1998-09-18,19(0953)519-57-95,Dylan Scott@gmail.com,317537,282,Libra
69,Sherry Abbott,Reino Unido,1960-03-06,64(9404)005-09-76,Sherry Abbott@gmail.com,701253,695,Euro
70,William Cooper,Estados Unidos,2000-04-25,7(069)756-70-37,William Cooper@gmail.com,197527,706,Dolar US
71,Stephanie Romero,Canada,1995-08-02,04(6346)878-48-72,Stephanie Romero@gmail.com,109670,655,Euro
72,Amy Gillespie,Reino Unido,2002-08-25,89(9583)301-43-90,Amy Gillespie@gmail.com,359359,93,Libra
73,Austin Bates,Estados Unidos,1980-01-31,30(74)525-47-32,Austin Bates@gmail.com,390447,385,Euro
74,Deanna King,Reino Unido,1990-05-01,7(96)554-98-40,Deanna King@gmail.com,487924,36,Dolar CA
75,Mr. Joseph Torres,Canada,1978-12-02,7(3123)078-50-39,Mr. Joseph Torres@gmail.com,226790,738,Dolar US
76,Traci Rivera,Estados Unidos,1976-01-25,727(270)257-14-12,Traci Rivera@gmail.com,273756,244,Libra
77,Glenn Stevens,Canada,1975-12-25,811(4414)002-30-90,Glenn Stevens@gmail.com,214589,987,Libra
78,Frank Mcclain,Estados Unidos,1995-10-11,7(546)725-87-61,Frank Mcclain@gmail.com,907955,384,Dolar CA
79,Melinda Thornton,Estados Unidos,1966-12-23,52(4716)362-50-34,Melinda Thornton@gmail.com,395617,202,Dolar US
80,Luke Bailey,Estados Unidos,1978-01-04,5(60)383-53-22,Luke Bailey@gmail.com,836611,270,Dolar US
81,Toni Ray,Reino Unido,1997-04-23,384(4946)692-94-32,Toni Ray@gmail.com,430972,782,Euro
82,Charles Daniel,Reino Unido,2004-07-21,481(87)619-04-20,Charles Daniel@gmail.com,574217,521,Dolar US
83,Stephanie Mendoza,Reino Unido,1951-03-03,044(491)603-55-68,Stephanie Mendoza@gmail.com,141468,129,Dolar CA
84,James James,Canada,1968-11-27,06(254)256-29-92,James James@gmail.com,335185,635,Dolar CA
85,Cynthia Franklin,Reino Unido,1970-10-25,972(216)776-32-21,Cynthia Franklin@gmail.com,782945,680,Euro
86,Mark Smith,Canada,1971-05-18,383(472)289-28-20,Mark Smith@gmail.com,494387,260,Euro
87,Joe Martin,Reino Unido,1997-03-14,022(39)161-48-36,Joe Martin@gmail.com,726780,408,Dolar US
88,Laura Bonilla,Canada,1998-04-12,75(2964)935-11-81,Laura Bonilla@gmail.com,849370,407,Dolar CA
89,Julie Cardenas,Reino Unido,1988-09-18,842(82)988-37-10,Julie Cardenas@gmail.com,885190,925,Dolar US
90,Kyle Cook,Reino Unido,1993-11-01,85(15)618-07-92,Kyle Cook@gmail.com,203972,651,Euro
91,Kimberly Kelley,Reino Unido,1988-08-03,11(646)624-50-82,Kimberly Kelley@gmail.com,633417,818,Libra
92,William Campbell,Estados Unidos,1956-09-13,8(149)989-06-07,William Campbell@gmail.com,183865,968,Dolar CA
93,Justin Salazar,Estados Unidos,1984-12-05,23(4848)957-30-81,Justin Salazar@gmail.com,408269,617,Dolar US
94,Angela Price,Estados Unidos,1984-04-16,0(9238)265-32-50,Angela Price@gmail.com,395121,211,Euro
95,Christopher Wilson,Reino Unido,1993-10-05,847(21)605-34-61,Christopher Wilson@gmail.com,196542,508,Libra
96,Bryan Sandoval,Reino Unido,1951-01-11,92(849)023-65-62,Bryan Sandoval@gmail.com,746178,20,Euro
97,Jennifer West,Reino Unido,2001-02-22,50(22)439-58-29,Jennifer West@gmail.com,604864,686,Dolar US
98,Thomas Brooks,Canada,1958-07-30,45(602)092-23-88,Thomas Brooks@gmail.com,928370,438,Dolar US
99,Jonathan Garcia,Reino Unido,1985-03-26,044(57)815-77-40,Jonathan Garcia@gmail.com,231939,555,Euro
100,Amanda Thompson,Reino Unido,1979-07-14,856(241)263-09-47,Amanda Thompson@gmail.com,329928,422,Dolar CA
101,William Stewart,Estados Unidos,1987-06-15,827(90)992-06-38,William Stewart@gmail.com,947921,465,Dolar CA
102,Eric Jordan,Reino Unido,2001-11-20,24(77)888-52-94,Eric Jordan@gmail.com,490521,733,Euro
103,Marie Morgan,Estados Unidos,1983-11-08,615(9580)793-85-76,Marie Morgan@gmail.com,146756,937,Dolar US
104,Jessica Morris,Estados Unidos,1969-02-18,9(17)757-50-94,Jessica Morris@gmail.com,368077,710,Dolar CA
105,Michael Scott,Reino Unido,1957-10-05,61(2967)684-51-30,Michael Scott@gmail.com,644401,682,Euro
106,Eddie Sanders,Reino Unido,1976-02-17,918(25)917-52-70,Eddie Sanders@gmail.com,924890,752,Libra
107,Jennifer Jones,Reino Unido,1984-03-28,414(113)723-24-63,Jennifer Jones@gmail.com,887485,571,Dolar US
108,Krista Morgan,Reino Unido,1952-12-29,6(287)979-62-14,Krista Morgan@gmail.com,266542,491,Euro
109,James Walters,Estados Unidos,1972-09-10,98(346)852-09-55,James Walters@gmail.com,547395,211,Dolar US
110,Sue Vega,Reino Unido,1964-01-27,98(40)180-88-71,Sue Vega@gmail.com,413741,395,Euro
111,Cheryl Silva,Reino Unido,1999-08-25,159(02)773-20-42,Cheryl Silva@gmail.com,758312,458,Euro
112,William Garcia,Estados Unidos,1973-02-05,98(819)307-39-51,William Garcia@gmail.com,215042,522,Dolar US
113,Ryan Harrison,Estados Unidos,1989-10-12,5(64)778-44-27,Ryan Harrison@gmail.com,614083,316,Dolar CA
114,Stanley Moore,Estados Unidos,2004-11-21,79(77)594-42-51,Stanley Moore@gmail.com,836954,31,Dolar US
115,Terry Calhoun,Estados Unidos,1973-05-13,47(6203)403-35-86,Terry Calhoun@gmail.com,638047,331,Dolar US
116,Tanner Mora,Estados Unidos,1972-08-11,3(241)969-41-29,Tanner Mora@gmail.com,599107,287,Dolar US
117,Steven Cooke,Reino Unido,1993-11-30,9(061)749-25-25,Steven Cooke@gmail.com,647346,525,Dolar US
118,Ethan Brown,Canada,1975-11-12,1(34)696-68-36,Ethan Brown@gmail.com,965883,871,Dolar CA
119,Dustin Hanson,Canada,1951-03-19,4(2787)580-32-96,Dustin Hanson@gmail.com,534464,204,Euro
120,Lisa Byrd,Estados Unidos,1982-04-17,228(429)986-67-03,Lisa Byrd@gmail.com,604831,330,Libra
121,Miss Alicia Scott,Canada,1971-11-05,5(23)017-82-11,Miss Alicia Scott@gmail.com,714804,443,Dolar US
122,James Wilson,Estados Unidos,1998-03-27,7(4989)083-06-06,James Wilson@gmail.com,276790,246,Dolar CA
123,Linda Gomez,Reino Unido,1983-11-07,09(626)461-25-33,Linda Gomez@gmail.com,441149,384,Libra
124,Debra Price,Canada,1979-10-13,61(113)448-85-48,Debra Price@gmail.com,616276,260,Euro
125,James Cummings,Canada,1981-11-07,7(1164)594-72-01,James Cummings@gmail.com,160607,925,Dolar CA
126,Terry Green,Estados Unidos,1951-09-16,67(2886)316-16-00,Terry Green@gmail.com,984401,912,Euro
127,Robert Anderson,Reino Unido,1973-03-01,800(6572)297-20-39,Robert Anderson@gmail.com,803860,488,Euro
128,Michael Cohen,Reino Unido,1992-10-15,126(9430)571-56-06,Michael Cohen@gmail.com,754328,963,Euro
129,Joseph Shaw,Reino Unido,1981-01-02,022(4704)358-33-95,Joseph Shaw@gmail.com,612556,298,Libra
130,Rhonda Robertson,Estados Unidos,1954-03-14,9(425)727-38-89,Rhonda Robertson@gmail.com,702841,145,Euro
131,Jennifer Jackson,Reino Unido,1984-12-15,82(6757)017-94-19,Jennifer Jackson@gmail.com,860909,810,Dolar US
132,Dr. Arthur Russell,Reino Unido,2000-06-18,1(5610)839-22-82,Dr. Arthur Russell@gmail.com,995391,597,Euro
133,April Baker,Estados Unidos,1965-12-02,645(210)112-16-30,April Baker@gmail.com,939923,865,Euro
134,William Charles,Estados Unidos,1993-11-05,58(19)385-31-71,William Charles@gmail.com,538587,529,Euro
135,Veronica Montgomery,Reino Unido,1959-11-17,58(0111)534-85-02,Veronica Montgomery@gmail.com,495236,283,Dolar US
136,James Scott,Estados Unidos,1963-08-22,77(884)125-54-36,James Scott@gmail.com,838454,744,Dolar US
137,Kyle Morrison,Reino Unido,1951-04-08,846(6708)421-03-35,Kyle Morrison@gmail.com,935829,382,Euro
138,Edwin Summers,Reino Unido,1972-11-19,1(8949)756-18-28,Edwin Summers@gmail.com,908041,639,Euro
139,Aaron Baker,Estados Unidos,1999-06-17,74(326)514-61-70,Aaron Baker@gmail.com,524604,810,Euro
140,Rachel Calhoun,Reino Unido,1963-11-06,716(105)819-99-17,Rachel Calhoun@gmail.com,859885,643,Dolar US
141,Michele Willis,Estados Unidos,1977-06-27,92(24)499-86-06,Michele Willis@gmail.com,282085,228,Euro
142,Sarah Stewart,Reino Unido,1987-12-02,748(095)137-02-72,Sarah Stewart@gmail.com,850973,225,Euro
143,Raymond Weaver,Estados Unidos,1992-05-13,3(35)839-83-84,Raymond Weaver@gmail.com,860727,606,Euro
144,Craig Lynch,Reino Unido,1980-04-27,41(80)991-51-43,Craig Lynch@gmail.com,406721,415,Dolar CA
145,Jennifer Horne,Estados Unidos,2000-05-04,7(57)719-29-31,Jennifer Horne@gmail.com,804155,463,Euro
146,Laurie Hughes,Reino Unido,1974-07-06,702(44)348-23-98,Laurie Hughes@gmail.com,380287,849,Dolar US
147,Andrew Taylor,Estados Unidos,1959-06-10,41(1229)016-20-94,Andrew Taylor@gmail.com,388209,302,Dolar US
148,Cheyenne Watts,Canada,1960-08-31,740(9403)963-84-83,Cheyenne Watts@gmail.com,231267,961,Dolar US
149,Brian Frederick,Estados Unidos,1955-09-07,55(8549)016-06-57,Brian Frederick@gmail.com,439175,849,Dolar CA
150,Jon Maynard,Reino Unido,1995-07-27,5(006)050-34-41,Jon Maynard@gmail.com,568459,201,Euro
151,Dr. Paul Johnson,Reino Unido,1965-12-12,073(5834)461-53-63,Dr. Paul Johnson@gmail.com,449739,396,Libra
152,Nicholas Atkinson DDS,Canada,1974-05-16,29(369)296-64-75,Nicholas Atkinson DDS@gmail.com,262523,829,Libra
153,Destiny Woods,Estados Unidos,1998-01-11,48(078)232-38-50,Destiny Woods@gmail.com,320982,905,Dolar CA
154,Terry Ellis,Reino Unido,1988-06-21,0(26)858-05-57,Terry Ellis@gmail.com,821445,266,Dolar US
155,Gregory Weaver,Estados Unidos,1971-02-03,2(67)078-93-02,Gregory Weaver@gmail.com,975350,665,Dolar CA
156,Leslie Young,Estados Unidos,1975-06-14,41(43)767-24-31,Leslie Young@gmail.com,243225,15,Dolar CA
157,James Rios,Canada,1989-10-19,96(99)567-64-55,James Rios@gmail.com,532626,112,Euro
158,Emily Cohen,Estados Unidos,1954-04-15,672(84)253-83-63,Emily Cohen@gmail.com,832021,719,Dolar US
159,Sherry Snyder,Reino Unido,1986-08-19,796(264)214-95-04,Sherry Snyder@gmail.com,460348,471,Dolar US
160,Manuel Marsh,Canada,1960-05-04,7(58)044-67-39,Manuel Marsh@gmail.com,735220,886,Libra
161,Thomas Thomas,Canada,1988-02-04,6(1535)005-21-01,Thomas Thomas@gmail.com,989097,950,Dolar US
162,Adrienne Rodriguez,Reino Unido,1990-03-18,169(8560)042-77-11,Adrienne Rodriguez@gmail.com,836202,901,Dolar US
163,Matthew Thompson,Canada,1994-01-05,82(28)283-59-36,Matthew Thompson@gmail.com,679130,23,Libra
164,Sarah Mathis,Reino Unido,1979-05-20,43(222)280-70-84,Sarah Mathis@gmail.com,910469,474,Libra
165,Kelsey Anderson,Reino Unido,2001-10-25,9(0192)758-00-84,Kelsey Anderson@gmail.com,390800,547,Dolar US
166,Angel Daniels,Estados Unidos,1966-10-19,480(12)141-12-19,Angel Daniels@gmail.com,318797,114,Euro
167,Kevin Garcia,Reino Unido,1980-07-20,396(056)318-31-67,Kevin Garcia@gmail.com,320170,704,Euro
168,Hannah Martin,Reino Unido,1979-10-12,168(81)957-18-91,Hannah Martin@gmail.com,300110,409,Libra
169,Mr. Brandon Riley,Reino Unido,1951-11-18,21(61)320-51-47,Mr. Brandon Riley@gmail.com,831782,673,Dolar CA
170,Kelly Barnett,Reino Unido,1952-11-21,159(4265)615-89-40,Kelly Barnett@gmail.com,627106,594,Dolar US
171,Margaret Mcclure,Canada,1955-04-23,71(433)543-68-05,Margaret Mcclure@gmail.com,741285,541,Dolar CA
172,Victoria Payne,Estados Unidos,1985-12-26,6(807)652-81-07,Victoria Payne@gmail.com,969852,752,Dolar US
173,Danielle Garcia,Reino Unido,1987-05-06,02(297)250-78-75,Danielle Garcia@gmail.com,155785,203,Euro
174,Gregory Thompson,Estados Unidos,1987-09-06,255(4649)011-12-97,Gregory Thompson@gmail.com,355410,81,Dolar US
175,Christine Ramirez,Reino Unido,2003-03-21,1(50)034-00-38,Christine Ramirez@gmail.com,473658,554,Euro
176,Charles Tate,Estados Unidos,1983-03-24,20(78)426-72-88,Charles Tate@gmail.com,526359,83,Dolar US
177,Christopher Levy,Estados Unidos,1957-09-03,07(49)902-93-60,Christopher Levy@gmail.com,127926,733,Euro
178,Ryan Smith,Estados Unidos,1983-02-05,08(29)070-40-62,Ryan Smith@gmail.com,457120,604,Dolar CA
179,Arthur Santos,Estados Unidos,1980-01-06,5(65)897-19-73,Arthur Santos@gmail.com,248110,826,Libra
180,James Kramer,Reino Unido,1955-09-23,109(088)813-52-86,James Kramer@gmail.com,936374,183,Dolar US
181,Courtney Hart,Reino Unido,1999-09-10,084(50)407-59-59,Courtney Hart@gmail.com,430112,114,Dolar US
182,Mark Macias,Canada,2000-03-18,798(962)436-06-46,Mark Macias@gmail.com,826331,352,Euro
183,Joseph Bryant,Reino Unido,1990-06-10,45(6105)031-08-08,Joseph Bryant@gmail.com,777780,463,Dolar CA
184,James Harper,Reino Unido,2002-10-12,97(9322)589-12-67,James Harper@gmail.com,157969,684,Dolar US
185,Kristina Gregory,Canada,1968-04-24,173(79)729-70-96,Kristina Gregory@gmail.com,594280,209,Libra
186,Sarah Burton,Reino Unido,1990-08-08,936(7815)956-21-49,Sarah Burton@gmail.com,266005,304,Libra
187,Ryan Martin,Reino Unido,2000-05-27,12(8155)535-59-24,Ryan Martin@gmail.com,707624,315,Dolar US
188,Lori Lopez,Estados Unidos,1990-01-25,9(985)241-96-33,Lori Lopez@gmail.com,841639,856,Euro
189,Brian Hall,Reino Unido,1994-09-10,64(3309)541-09-12,Brian Hall@gmail.com,759106,67,Libra
190,Brandon Andersen,Canada,2004-12-30,41(4029)712-44-60,Brandon Andersen@gmail.com,226122,801,Dolar CA
191,Charles Johnson,Reino Unido,1977-12-06,1(4404)584-57-68,Charles Johnson@gmail.com,233033,895,Euro
192,Brandon Silva,Reino Unido,1953-10-11,0(94)243-95-54,Brandon Silva@gmail.com,957866,138,Libra
193,Sean Clark,Reino Unido,1999-06-08,241(358)019-85-45,Sean Clark@gmail.com,873070,993,Libra
194,Dalton Young,Reino Unido,1978-05-22,3(2366)906-86-23,Dalton Young@gmail.com,851881,624,Dolar US
195,Janice Bennett,Canada,1967-02-11,57(8137)384-14-97,Janice Bennett@gmail.com,397420,141,Libra
196,Jaime Martinez,Reino Unido,1970-11-22,25(6159)669-29-28,Jaime Martinez@gmail.com,547338,340,Euro
197,Evelyn Black,Estados Unidos,1992-01-21,05(190)281-32-01,Evelyn Black@gmail.com,769557,677,Euro
198,Sean Miller,Reino Unido,1966-11-02,367(8399)681-51-00,Sean Miller@gmail.com,829390,544,Euro
199,Mark Joseph,Reino Unido,1991-03-04,558(1848)620-37-56,Mark Joseph@gmail.com,401733,977,Dolar CA
200,Steven Williamson,Canada,1986-02-03,88(827)728-72-15,Steven Williamson@gmail.com,470179,75,Dolar CA
201,Sarah Reed MD,Estados Unidos,1982-01-26,735(1072)930-78-60,Sarah Reed MD@gmail.com,408160,707,Dolar US
202,Robert Mcmahon,Estados Unidos,1997-04-21,565(4047)190-76-71,Robert Mcmahon@gmail.com,954277,458,Dolar US
203,Donna Harris,Canada,1951-09-09,6(33)028-10-77,Donna Harris@gmail.com,297645,102,Dolar CA
204,Melanie Simmons,Reino Unido,1978-04-11,4(79)294-98-68,Melanie Simmons@gmail.com,851346,428,Dolar CA
205,Francisco Skinner,Reino Unido,1994-10-28,456(728)531-82-28,Francisco Skinner@gmail.com,410427,290,Euro
206,Jared Douglas,Canada,1987-11-13,094(73)938-82-57,Jared Douglas@gmail.com,377268,657,Libra
207,Ryan Sellers,Reino Unido,1956-06-21,9(75)031-57-34,Ryan Sellers@gmail.com,690559,944,Euro
208,Albert Campbell,Reino Unido,1993-05-19,5(05)489-72-91,Albert Campbell@gmail.com,180790,96,Dolar CA
209,Michael Wheeler,Reino Unido,1994-11-13,7(555)829-93-31,Michael Wheeler@gmail.com,617979,957,Dolar US
210,Andrew Porter,Estados Unidos,1959-02-09,143(96)585-48-36,Andrew Porter@gmail.com,100007,247,Euro
211,Kathryn Gonzalez,Estados Unidos,1984-05-04,565(1146)769-00-09,Kathryn Gonzalez@gmail.com,448582,518,Euro
212,Jeffrey Bryan,Estados Unidos,1966-06-16,4(34)408-04-74,Jeffrey Bryan@gmail.com,228997,862,Dolar US
213,Carrie Bates,Canada,1987-06-06,4(7099)450-12-02,Carrie Bates@gmail.com,466300,287,Dolar US
214,Linda Lee,Reino Unido,1961-01-16,0(35)605-10-31,Linda Lee@gmail.com,504267,589,Euro
215,Angela Armstrong,Reino Unido,1997-09-11,06(563)526-98-71,Angela Armstrong@gmail.com,899279,955,Euro
216,Isaac Cortez,Canada,1985-01-23,7(286)422-47-44,Isaac Cortez@gmail.com,181241,825,Dolar US
217,John Miles MD,Canada,1976-04-08,6(2257)833-10-39,John Miles MD@gmail.com,598410,491,Dolar CA
218,Donald Gallagher,Reino Unido,2001-12-05,595(1467)902-64-78,Donald Gallagher@gmail.com,198194,423,Euro
219,Michelle Villa,Reino Unido,1971-02-06,6(32)111-52-19,Michelle Villa@gmail.com,897266,159,Dolar CA
220,Jessica Cross,Reino Unido,2003-11-21,9(053)900-89-11,Jessica Cross@gmail.com,277138,698,Dolar US
221,Joyce Hardin,Reino Unido,1967-10-17,68(755)731-85-70,Joyce Hardin@gmail.com,239257,853,Euro
222,Kurt Abbott,Canada,1972-08-16,626(32)624-70-48,Kurt Abbott@gmail.com,254311,339,Libra
223,Tyler Chavez,Reino Unido,1982-02-25,0(052)023-44-20,Tyler Chavez@gmail.com,562625,958,Dolar US
224,Charles Park,Reino Unido,1956-06-03,3(8549)635-98-29,Charles Park@gmail.com,266066,410,Dolar US
225,Garrett Rice,Reino Unido,1987-08-23,1(27)797-82-13,Garrett Rice@gmail.com,113838,568,Libra
226,Karen Le,Estados Unidos,1952-04-02,339(182)713-17-29,Karen Le@gmail.com,895783,507,Dolar US
227,Jonathan Rios,Reino Unido,1993-12-30,211(485)821-03-47,Jonathan Rios@gmail.com,922606,530,Dolar US
228,Caroline Whitehead,Canada,1962-12-06,873(55)279-34-13,Caroline Whitehead@gmail.com,753512,539,Dolar US
229,Todd Mann,Canada,1982-05-24,45(794)235-33-97,Todd Mann@gmail.com,319905,292,Dolar CA
230,Lauren Blackwell,Reino Unido,1977-06-26,6(806)637-32-07,Lauren Blackwell@gmail.com,859794,939,Dolar CA
231,Brooke Warren,Canada,1951-03-16,41(9769)915-44-94,Brooke Warren@gmail.com,137269,615,Dolar US
232,Michael Mahoney MD,Reino Unido,1960-12-18,0(99)637-90-02,Michael Mahoney MD@gmail.com,618629,107,Libra
233,Joseph Maldonado,Reino Unido,2002-05-22,8(6065)250-16-66,Joseph Maldonado@gmail.com,359577,546,Euro
234,Laurie Cochran,Estados Unidos,1956-09-05,5(46)363-90-18,Laurie Cochran@gmail.com,129849,903,Dolar US
235,Colleen Fitzgerald,Reino Unido,1959-03-16,1(20)904-48-70,Colleen Fitzgerald@gmail.com,353450,258,Dolar CA
236,Brandon Davis,Canada,1992-01-29,865(817)796-33-53,Brandon Davis@gmail.com,429067,69,Euro
237,Lauren Olson,Estados Unidos,1984-07-07,44(5773)771-54-14,Lauren Olson@gmail.com,593243,272,Dolar US
238,Dawn White,Reino Unido,1988-12-09,89(6069)652-01-65,Dawn White@gmail.com,482486,969,Euro
239,Rebecca Clarke,Reino Unido,2001-08-04,02(89)461-62-67,Rebecca Clarke@gmail.com,310848,511,Dolar US
240,Judith Garza,Canada,1966-12-23,967(3753)288-39-48,Judith Garza@gmail.com,865550,114,Euro
241,Michael Boyer,Reino Unido,1994-07-30,51(308)704-06-27,Michael Boyer@gmail.com,403859,571,Euro
242,Kenneth Gonzales,Reino Unido,1989-03-21,84(221)833-76-31,Kenneth Gonzales@gmail.com,738050,806,Libra
243,Edwin Nguyen,Reino Unido,1951-05-31,87(307)943-35-95,Edwin Nguyen@gmail.com,719059,264,Libra
244,Cheryl Costa,Estados Unidos,1980-03-11,5(607)127-56-42,Cheryl Costa@gmail.com,395771,447,Libra
245,Rick Walker,Reino Unido,1998-06-13,6(8352)253-78-72,Rick Walker@gmail.com,950079,834,Euro
246,Ryan Powers,Reino Unido,1982-12-14,343(1450)871-42-44,Ryan Powers@gmail.com,140110,944,Dolar CA
247,Ryan Hunter,Canada,1981-12-26,333(5800)799-96-34,Ryan Hunter@gmail.com,434994,170,Libra
248,Darrell Ayala,Reino Unido,1959-01-11,1(465)532-95-74,Darrell Ayala@gmail.com,104792,822,Dolar US
249,Gregory Miller,Canada,1978-04-04,07(8269)872-86-91,Gregory Miller@gmail.com,942601,778,Euro
250,Steven Baxter,Reino Unido,1955-10-10,9(64)244-57-41,Steven Baxter@gmail.com,813541,705,Euro
251,Darius Davis,Canada,1961-12-29,87(554)231-00-49,Darius Davis@gmail.com,596434,12,Dolar US
252,Denise Diaz,Reino Unido,1967-08-29,409(368)827-40-16,Denise Diaz@gmail.com,397492,560,Euro
253,Christopher Lam,Estados Unidos,2004-03-01,93(59)318-52-90,Christopher Lam@gmail.com,699703,949,Euro
254,Dustin Taylor,Reino Unido,1974-02-28,6(168)267-09-45,Dustin Taylor@gmail.com,867426,926,Dolar CA
255,Kristina Daniel,Canada,1977-08-28,614(441)855-70-76,Kristina Daniel@gmail.com,909324,556,Dolar CA
256,Dale Morales,Reino Unido,2001-07-23,8(50)341-92-28,Dale Morales@gmail.com,737491,51,Dolar US
257,David Rojas,Estados Unidos,1986-08-31,783(2936)755-22-69,David Rojas@gmail.com,225153,518,Euro
258,Valerie Collins,Estados Unidos,1967-08-10,882(817)275-45-32,Valerie Collins@gmail.com,615683,413,Libra
259,Vanessa Gallegos,Canada,1997-08-05,60(542)182-41-94,Vanessa Gallegos@gmail.com,443958,63,Euro
260,Katelyn Dillon,Reino Unido,1957-04-18,7(20)384-65-01,Katelyn Dillon@gmail.com,576546,158,Dolar US
261,Jennifer Hanson,Canada,1998-03-31,3(504)584-20-24,Jennifer Hanson@gmail.com,104502,819,Dolar US
262,Whitney Gibbs,Reino Unido,1977-06-09,34(3116)290-76-57,Whitney Gibbs@gmail.com,285644,722,Dolar US
263,Joseph Lee Jr.,Reino Unido,1973-07-28,611(15)747-95-04,Joseph Lee Jr.@gmail.com,168343,136,Dolar US
264,Kevin Hawkins,Reino Unido,1995-02-19,4(9700)233-20-98,Kevin Hawkins@gmail.com,258606,944,Libra
265,Anthony Nelson,Reino Unido,1994-02-11,749(6039)877-37-23,Anthony Nelson@gmail.com,534221,378,Dolar CA
266,Jill Pitts,Reino Unido,1990-06-01,1(91)336-76-66,Jill Pitts@gmail.com,572867,621,Libra
267,Melody Wilson,Canada,1966-11-15,43(3254)524-20-89,Melody Wilson@gmail.com,935793,632,Dolar US
268,Aaron Carter,Reino Unido,1971-03-11,1(34)483-84-05,Aaron Carter@gmail.com,553468,355,Euro
269,Justin Hodge,Canada,1997-02-12,7(5199)539-06-43,Justin Hodge@gmail.com,482247,420,Dolar US
270,Mrs. Maria Crawford,Reino Unido,1960-10-26,229(338)877-71-82,Mrs. Maria Crawford@gmail.com,578995,404,Libra
271,Megan Young,Canada,1966-04-17,6(87)716-11-77,Megan Young@gmail.com,548207,609,Euro
272,Laura Morris,Canada,1951-04-16,04(3327)115-89-29,Laura Morris@gmail.com,386465,770,Dolar CA
273,Shelly Smith,Canada,1959-01-17,524(0188)594-26-92,Shelly Smith@gmail.com,628180,129,Libra
274,Tracey Wyatt,Reino Unido,1982-03-25,7(593)148-93-19,Tracey Wyatt@gmail.com,238793,385,Dolar US
275,Brent Escobar,Reino Unido,2000-07-09,6(63)821-17-05,Brent Escobar@gmail.com,636501,976,Libra
276,Karen King,Estados Unidos,1969-02-12,742(2842)735-52-97,Karen King@gmail.com,582601,141,Dolar CA
277,Richard Hayden,Reino Unido,1978-08-22,1(477)598-77-92,Richard Hayden@gmail.com,446731,882,Euro
278,Maria Hodge,Canada,1963-04-18,76(6960)774-33-72,Maria Hodge@gmail.com,502294,108,Euro
279,Kelly Burnett,Reino Unido,1969-09-09,9(432)181-05-99,Kelly Burnett@gmail.com,635306,971,Euro
280,Barbara Peters,Reino Unido,2002-09-18,564(331)592-92-57,Barbara Peters@gmail.com,136288,580,Dolar US
281,Larry Sanders,Reino Unido,1963-12-18,66(00)210-41-63,Larry Sanders@gmail.com,178966,803,Dolar US
282,Regina Hernandez,Canada,1970-03-14,3(8841)557-48-77,Regina Hernandez@gmail.com,188518,42,Dolar CA
283,Heather Gould,Estados Unidos,1980-03-31,43(13)164-37-85,Heather Gould@gmail.com,880326,710,Dolar US
284,Whitney Scott,Canada,1960-12-03,26(2466)822-67-03,Whitney Scott@gmail.com,751076,717,Dolar US
285,Selena Shaw,Reino Unido,1987-11-05,48(4925)894-58-99,Selena Shaw@gmail.com,482471,715,Euro
286,Karen Meyers DDS,Reino Unido,1969-06-05,5(4031)139-81-01,Karen Meyers DDS@gmail.com,968313,319,Euro
287,Sharon Williams,Reino Unido,1967-11-26,40(896)054-50-34,Sharon Williams@gmail.com,523618,477,Euro
288,Holly Burke,Canada,1974-02-09,4(69)008-14-89,Holly Burke@gmail.com,867762,527,Libra
289,John Nelson,Reino Unido,1954-09-23,81(22)113-62-80,John Nelson@gmail.com,163772,558,Euro
290,Samantha Castillo,Reino Unido,1962-07-09,932(8268)682-83-08,Samantha Castillo@gmail.com,965617,459,Euro
291,Alexander Garcia,Estados Unidos,1986-07-15,800(27)408-69-94,Alexander Garcia@gmail.com,744610,446,Dolar US
292,Jasmine Baker,Reino Unido,1955-07-29,368(94)318-69-16,Jasmine Baker@gmail.com,713751,919,Euro
293,Justin French,Reino Unido,1997-03-17,058(70)049-91-98,Justin French@gmail.com,374186,926,Euro
294,Rachel Lang,Reino Unido,1957-09-19,81(63)136-22-22,Rachel Lang@gmail.com,888805,119,Libra
295,Billy Fleming,Reino Unido,1990-09-04,90(586)852-35-15,Billy Fleming@gmail.com,732788,573,Euro
296,Daniel Dorsey,Reino Unido,1975-01-23,01(250)719-44-26,Daniel Dorsey@gmail.com,261755,459,Euro
297,Dan Jones,Reino Unido,2001-05-12,667(15)444-78-08,Dan Jones@gmail.com,493720,983,Dolar US
298,Melanie Wilson,Canada,1983-11-19,58(252)873-41-80,Melanie Wilson@gmail.com,616770,694,Euro
299,Matthew Robinson,Estados Unidos,1981-02-22,5(8310)931-67-47,Matthew Robinson@gmail.com,331771,371,Libra
300,Joshua Walsh,Reino Unido,1998-01-27,9(04)573-34-68,Joshua Walsh@gmail.com,881711,996,Dolar CA
301,Lauren Fuller,Reino Unido,1990-09-04,58(0664)747-15-48,Lauren Fuller@gmail.com,336729,628,Euro
302,Haley Martinez,Canada,1958-01-30,118(130)040-40-99,Haley Martinez@gmail.com,667994,30,Libra
303,Jessica Wagner,Canada,1958-12-13,78(4512)504-05-30,Jessica Wagner@gmail.com,963880,86,Dolar US
304,Phillip Mcclain,Reino Unido,1974-03-31,492(233)748-83-84,Phillip Mcclain@gmail.com,106226,838,Euro
305,Wesley Osborn,Reino Unido,1960-11-23,6(51)857-90-75,Wesley Osborn@gmail.com,887743,95,Euro
306,John Sanders,Canada,1995-07-14,82(7550)836-21-45,John Sanders@gmail.com,675117,332,Dolar US
307,Noah Chapman,Reino Unido,1974-06-16,866(2810)803-65-75,Noah Chapman@gmail.com,199320,598,Euro
308,Ashley Davis,Canada,1964-01-22,523(32)681-83-78,Ashley Davis@gmail.com,806877,493,Dolar CA
309,Julie Wolf,Canada,1996-12-26,3(152)661-69-81,Julie Wolf@gmail.com,716211,641,Euro
310,Jessica Sanders,Canada,1967-05-23,392(349)354-54-72,Jessica Sanders@gmail.com,372365,520,Libra
311,Eric Olson V,Reino Unido,1989-07-22,9(702)396-45-63,Eric Olson V@gmail.com,594764,25,Euro
312,Nicholas Pitts,Estados Unidos,1951-07-22,367(200)536-98-16,Nicholas Pitts@gmail.com,796440,296,Dolar US
313,Lisa Johnson,Reino Unido,1978-03-24,4(816)109-85-54,Lisa Johnson@gmail.com,424864,93,Dolar US
314,Jeffrey Smith,Canada,1961-03-17,284(4694)584-57-52,Jeffrey Smith@gmail.com,978691,137,Euro
315,Nathan Wheeler,Reino Unido,1994-03-01,987(57)571-02-68,Nathan Wheeler@gmail.com,302354,434,Dolar CA
316,Derek Johnson,Canada,1985-03-29,42(894)601-05-86,Derek Johnson@gmail.com,630328,66,Libra
317,Stephanie Young,Canada,1973-08-31,756(612)690-72-65,Stephanie Young@gmail.com,757984,164,Libra
318,Tracey Ortiz,Estados Unidos,1964-02-24,182(7624)343-20-10,Tracey Ortiz@gmail.com,525587,310,Dolar US
319,Jesse Rice,Canada,1968-08-03,74(97)663-38-09,Jesse Rice@gmail.com,342082,870,Dolar CA
320,Jerry Barrera,Reino Unido,1966-09-07,18(0653)275-69-67,Jerry Barrera@gmail.com,679539,248,Dolar CA
321,Emma Foster,Reino Unido,1975-04-22,2(554)819-15-82,Emma Foster@gmail.com,433069,669,Euro
322,Denise Howell,Canada,1955-04-29,43(24)779-05-46,Denise Howell@gmail.com,835282,864,Euro
323,Heather Walker,Canada,1996-09-08,13(390)427-51-90,Heather Walker@gmail.com,237984,873,Euro
324,Meghan Nash,Reino Unido,1958-07-13,153(869)377-42-20,Meghan Nash@gmail.com,886895,415,Dolar US
325,Sharon Mccullough,Reino Unido,1997-05-09,342(3267)326-33-64,Sharon Mccullough@gmail.com,762216,551,Libra
326,Henry Chapman,Reino Unido,1952-05-15,097(950)349-64-79,Henry Chapman@gmail.com,202387,902,Dolar US
327,Kara Brown,Estados Unidos,1974-10-23,072(39)725-05-15,Kara Brown@gmail.com,241756,269,Dolar US
328,Dr. Derrick Small,Canada,1982-11-29,24(84)900-30-78,Dr. Derrick Small@gmail.com,598560,480,Euro
329,Timothy Garcia,Estados Unidos,1970-05-09,677(907)950-46-66,Timothy Garcia@gmail.com,298002,476,Libra
330,Noah Kennedy,Estados Unidos,1952-09-01,0(6360)611-91-88,Noah Kennedy@gmail.com,870037,299,Libra
331,Matthew Branch,Reino Unido,1984-05-01,557(4873)342-90-80,Matthew Branch@gmail.com,106157,44,Euro
332,Jimmy Weber,Reino Unido,1958-08-02,6(4375)979-15-70,Jimmy Weber@gmail.com,683626,725,Dolar CA
333,Ariel Wagner,Canada,1985-10-12,2(1768)415-60-55,Ariel Wagner@gmail.com,472739,777,Libra
334,Ashley Ramirez,Reino Unido,1978-03-28,7(92)775-64-47,Ashley Ramirez@gmail.com,820212,179,Euro
335,Craig Arias,Canada,1956-11-12,2(1562)314-83-95,Craig Arias@gmail.com,124974,314,Libra
336,Daniel Ramirez,Reino Unido,2001-07-29,50(225)822-39-78,Daniel Ramirez@gmail.com,715975,599,Dolar CA
337,Elizabeth Wilson DDS,Canada,1999-05-05,715(6229)434-72-91,Elizabeth Wilson DDS@gmail.com,299651,868,Libra
338,Lori Farrell,Reino Unido,1980-03-03,060(15)483-35-20,Lori Farrell@gmail.com,117133,753,Dolar US
339,Amanda Smith,Reino Unido,1955-09-18,36(986)503-97-69,Amanda Smith@gmail.com,626309,282,Euro
340,Felicia Robinson,Canada,1979-07-13,495(170)196-44-84,Felicia Robinson@gmail.com,794674,212,Dolar US
341,Daniel Williams,Estados Unidos,1974-12-21,111(97)484-45-14,Daniel Williams@gmail.com,269892,100,Euro
342,Amanda Williams,Estados Unidos,1968-06-30,53(0551)704-15-26,Amanda Williams@gmail.com,852504,814,Libra
343,Joshua Huffman,Canada,2002-05-20,47(673)213-76-41,Joshua Huffman@gmail.com,891638,81,Libra
344,Erik Alvarez,Estados Unidos,1994-06-09,9(901)192-23-47,Erik Alvarez@gmail.com,321837,664,Libra
345,Emily Leon,Reino Unido,1994-02-08,11(96)606-91-97,Emily Leon@gmail.com,610260,298,Dolar US
346,Mary Thompson,Estados Unidos,1972-08-11,398(47)635-65-79,Mary Thompson@gmail.com,241862,834,Dolar CA
347,Emily Martin,Reino Unido,1979-07-09,4(157)257-21-73,Emily Martin@gmail.com,474323,203,Libra
348,Bobby Taylor,Reino Unido,1987-04-01,4(43)788-04-15,Bobby Taylor@gmail.com,440206,703,Dolar US
349,Dennis Phillips,Canada,1987-08-30,7(07)782-49-59,Dennis Phillips@gmail.com,263043,936,Euro
350,Stacie Johnson,Reino Unido,1956-02-24,713(17)513-39-14,Stacie Johnson@gmail.com,212409,967,Dolar CA
351,Mrs. Julie Meyer,Reino Unido,1954-04-16,39(025)027-27-67,Mrs. Julie Meyer@gmail.com,608183,941,Dolar CA
352,Lance Young,Canada,2000-02-10,358(5048)619-53-39,Lance Young@gmail.com,756594,535,Libra
353,Autumn Newman,Estados Unidos,1984-11-05,347(065)380-06-83,Autumn Newman@gmail.com,211650,748,Dolar US
354,William Walker,Estados Unidos,1985-10-01,6(76)621-81-61,William Walker@gmail.com,204429,67,Dolar CA
355,Martha Butler,Reino Unido,1992-02-13,68(1642)056-86-65,Martha Butler@gmail.com,729223,857,Libra
356,William Jones,Estados Unidos,1979-01-23,97(95)410-50-22,William Jones@gmail.com,141911,465,Dolar CA
357,Ms. Brenda Evans,Reino Unido,2002-09-13,7(0507)299-85-85,Ms. Brenda Evans@gmail.com,703510,216,Euro
358,Laura Andrade,Reino Unido,1974-07-01,4(11)178-59-91,Laura Andrade@gmail.com,880766,453,Dolar US
359,Misty Benjamin,Reino Unido,1955-09-30,141(3234)378-25-41,Misty Benjamin@gmail.com,381771,836,Euro
360,Rebecca Mcgee,Canada,1952-11-11,6(186)931-53-07,Rebecca Mcgee@gmail.com,103672,682,Dolar US
361,Anthony West,Estados Unidos,1980-10-21,1(30)549-57-64,Anthony West@gmail.com,615162,222,Euro
362,Brooke Wagner,Estados Unidos,1973-07-08,1(1256)436-47-79,Brooke Wagner@gmail.com,901827,576,Euro
363,Sarah Cunningham,Canada,1960-08-19,8(2986)324-27-18,Sarah Cunningham@gmail.com,444080,823,Dolar CA
364,Bruce Scott,Canada,1977-06-23,1(03)697-03-35,Bruce Scott@gmail.com,772664,506,Libra
365,Brenda Freeman,Canada,1953-11-13,1(091)999-92-23,Brenda Freeman@gmail.com,163576,365,Dolar US
366,Cheryl Mitchell,Reino Unido,1995-10-26,95(163)078-94-93,Cheryl Mitchell@gmail.com,477182,270,Euro
367,Ashley Roberts,Estados Unidos,2003-01-08,430(4907)978-29-17,Ashley Roberts@gmail.com,987765,554,Dolar US
368,Anna Mcdonald,Reino Unido,1961-08-04,600(423)036-96-53,Anna Mcdonald@gmail.com,931889,500,Dolar CA
369,Paula Norton,Estados Unidos,1978-01-11,524(213)814-83-17,Paula Norton@gmail.com,592414,89,Dolar CA
370,Julie Sims,Estados Unidos,1972-01-30,2(3707)005-96-13,Julie Sims@gmail.com,849079,239,Dolar CA
371,Andrew Cruz,Reino Unido,1984-11-23,750(72)918-39-15,Andrew Cruz@gmail.com,880564,902,Euro
372,Lisa Dodson,Reino Unido,1952-04-20,175(452)629-59-18,Lisa Dodson@gmail.com,842959,181,Euro
373,Larry Scott,Canada,1970-05-18,83(0106)154-16-98,Larry Scott@gmail.com,752297,945,Dolar US
374,Thomas Brown,Reino Unido,1979-11-27,743(96)695-18-60,Thomas Brown@gmail.com,898039,404,Dolar CA
375,Brittany Palmer,Reino Unido,1952-06-07,54(55)264-71-54,Brittany Palmer@gmail.com,252469,687,Libra
376,Adam Holland,Estados Unidos,1985-03-19,4(88)083-64-22,Adam Holland@gmail.com,392776,356,Libra
377,Victor Thompson,Reino Unido,1961-09-28,19(7410)733-38-15,Victor Thompson@gmail.com,750092,816,Dolar US
378,Robert Arnold,Estados Unidos,1978-07-13,56(8475)682-11-47,Robert Arnold@gmail.com,186211,651,Libra
379,Bruce Hartman,Reino Unido,1979-05-24,4(985)923-26-13,Bruce Hartman@gmail.com,171603,701,Dolar US
380,Craig Moore,Canada,2003-06-19,5(7372)287-10-82,Craig Moore@gmail.com,591648,846,Dolar US
381,Larry Perry,Reino Unido,2003-03-29,65(0486)787-95-82,Larry Perry@gmail.com,163817,601,Libra
382,James Thomas,Reino Unido,2003-03-17,414(9692)735-56-11,James Thomas@gmail.com,370252,84,Libra
383,Joseph Valdez,Estados Unidos,1980-10-17,1(59)077-76-26,Joseph Valdez@gmail.com,518078,892,Dolar US
384,Jeffrey Gomez,Reino Unido,1973-11-04,901(800)355-61-13,Jeffrey Gomez@gmail.com,602899,933,Libra
385,Carly Brown,Canada,2000-10-14,24(504)021-79-44,Carly Brown@gmail.com,106964,519,Dolar US
386,Corey Gomez,Reino Unido,1961-05-12,340(2170)361-57-49,Corey Gomez@gmail.com,822255,25,Dolar US
387,Eric Green,Estados Unidos,1995-12-06,9(599)010-70-42,Eric Green@gmail.com,901607,336,Dolar US
388,Joy Montoya,Reino Unido,1960-06-29,860(923)776-83-33,Joy Montoya@gmail.com,973605,844,Euro
389,Ryan Curry,Reino Unido,1996-04-17,3(78)672-88-08,Ryan Curry@gmail.com,978885,586,Dolar US
390,Dawn Vance,Canada,1965-10-27,2(1896)107-87-47,Dawn Vance@gmail.com,494606,936,Libra
391,Laura Hogan,Estados Unidos,1997-10-07,7(30)094-67-74,Laura Hogan@gmail.com,641782,477,Dolar US
392,Kelly Bennett,Reino Unido,1989-12-28,73(9207)752-73-15,Kelly Bennett@gmail.com,966244,645,Dolar US
393,Karen Le,Reino Unido,2004-02-05,855(8619)652-30-80,Karen Le@gmail.com,356324,92,Euro
394,Sarah Parker,Reino Unido,1966-08-01,89(877)303-71-94,Sarah Parker@gmail.com,652629,831,Euro
395,Rhonda Smith,Estados Unidos,1989-10-17,408(692)684-99-30,Rhonda Smith@gmail.com,218697,930,Dolar CA
396,Monique Mills,Estados Unidos,2002-01-12,19(0776)707-99-28,Monique Mills@gmail.com,261860,55,Dolar US
397,Johnny Scott,Estados Unidos,1989-06-11,09(4807)127-81-61,Johnny Scott@gmail.com,365280,358,Euro
398,Christopher Ball,Estados Unidos,1955-11-11,79(223)217-57-88,Christopher Ball@gmail.com,677509,857,Dolar US
399,Kathy Mathews,Estados Unidos,1983-08-31,9(9360)713-40-41,Kathy Mathews@gmail.com,305990,512,Libra
400,Travis James,Reino Unido,1999-10-31,0(0302)458-21-61,Travis James@gmail.com,916757,58,Dolar CA
401,Phillip Bullock,Reino Unido,1966-11-14,8(77)484-20-87,Phillip Bullock@gmail.com,422073,97,Euro
402,Brian Barnett,Reino Unido,1972-05-11,3(2363)764-21-34,Brian Barnett@gmail.com,711211,795,Libra
403,Jacqueline Bowman,Reino Unido,1954-12-14,9(276)505-35-74,Jacqueline Bowman@gmail.com,718409,802,Dolar US
404,Joshua Sanchez,Estados Unidos,1963-12-07,45(2709)877-29-95,Joshua Sanchez@gmail.com,206803,785,Libra
405,Daniel Huff,Reino Unido,1987-10-27,24(52)678-11-39,Daniel Huff@gmail.com,947844,795,Dolar CA
406,Garrett Spencer,Reino Unido,1984-03-23,73(46)569-33-76,Garrett Spencer@gmail.com,274973,362,Euro
407,Henry Bush,Reino Unido,1994-08-07,71(0685)526-34-77,Henry Bush@gmail.com,541622,66,Libra
408,Kendra Shannon,Canada,1957-08-12,3(630)159-19-39,Kendra Shannon@gmail.com,386096,692,Dolar US
409,Randy Garcia,Canada,1978-11-29,66(4633)294-93-97,Randy Garcia@gmail.com,141636,619,Libra
410,Carla Lambert,Reino Unido,1969-11-10,2(69)625-22-71,Carla Lambert@gmail.com,243446,525,Dolar US
411,Yvonne Porter,Estados Unidos,1961-03-17,67(34)980-21-07,Yvonne Porter@gmail.com,463309,333,Dolar CA
412,Mary Garcia,Reino Unido,1994-01-15,3(748)081-60-78,Mary Garcia@gmail.com,620022,902,Euro
413,Pamela Herrera,Reino Unido,1984-12-24,4(81)141-84-08,Pamela Herrera@gmail.com,143836,85,Euro
414,Kelly Werner,Reino Unido,1979-12-10,18(220)698-67-02,Kelly Werner@gmail.com,197670,805,Euro
415,Julie Wiley,Canada,1996-07-13,711(10)817-09-10,Julie Wiley@gmail.com,791413,137,Dolar CA
416,Carrie Boyle,Reino Unido,1954-05-29,827(49)562-32-94,Carrie Boyle@gmail.com,826707,720,Dolar US
417,Shelly Meyers,Estados Unidos,1984-06-24,82(947)852-55-17,Shelly Meyers@gmail.com,633918,672,Euro
418,Brian Chapman,Reino Unido,2004-04-26,06(8828)743-16-25,Brian Chapman@gmail.com,811800,862,Dolar US
419,Randy Thompson,Canada,1964-03-05,0(7024)093-64-54,Randy Thompson@gmail.com,827987,23,Dolar CA
420,Claudia Miller,Reino Unido,1978-10-22,5(83)010-86-39,Claudia Miller@gmail.com,175363,203,Euro
421,William Martin,Estados Unidos,2000-11-25,6(373)865-96-42,William Martin@gmail.com,984292,307,Dolar US
422,Ashley Martin,Canada,1976-02-03,9(7038)778-97-65,Ashley Martin@gmail.com,450876,875,Dolar CA
423,Wesley Lang,Reino Unido,1973-11-07,6(8216)241-84-83,Wesley Lang@gmail.com,265206,440,Libra
424,Daniel Perez,Reino Unido,1999-07-04,125(3871)506-27-14,Daniel Perez@gmail.com,845259,193,Dolar US
425,Denise Benson,Canada,1999-06-04,93(191)332-81-55,Denise Benson@gmail.com,835503,908,Libra
426,Emily Mitchell,Canada,1977-12-09,80(19)255-21-80,Emily Mitchell@gmail.com,269903,922,Euro
427,Jillian Meza,Reino Unido,1975-09-01,3(260)527-95-07,Jillian Meza@gmail.com,883872,268,Dolar CA
428,Julian Garcia,Estados Unidos,1994-02-25,520(234)377-90-87,Julian Garcia@gmail.com,744785,556,Dolar CA
429,Steven White,Reino Unido,1954-12-30,1(44)582-76-12,Steven White@gmail.com,367114,342,Dolar US
430,Sean Davis,Reino Unido,1997-04-15,80(11)340-58-82,Sean Davis@gmail.com,208138,970,Libra
431,Stephanie Morrison,Reino Unido,1960-04-07,815(2546)945-71-60,Stephanie Morrison@gmail.com,764158,162,Dolar US
432,Crystal Schneider,Canada,1989-12-27,509(1416)643-92-20,Crystal Schneider@gmail.com,526564,976,Dolar US
433,Marissa Stevens,Reino Unido,1990-08-09,133(065)136-83-33,Marissa Stevens@gmail.com,713306,775,Dolar US
434,Peter Owen,Canada,2003-04-22,21(720)955-87-79,Peter Owen@gmail.com,866700,132,Dolar US
435,Derek Garcia,Reino Unido,1951-07-24,92(5241)643-47-78,Derek Garcia@gmail.com,363326,740,Dolar US
436,James Mooney,Reino Unido,1990-01-13,9(5626)124-99-28,James Mooney@gmail.com,211586,471,Libra
437,Jacob Rodgers,Reino Unido,1965-01-25,11(739)152-59-92,Jacob Rodgers@gmail.com,912578,572,Euro
438,Joshua Garcia,Canada,1984-05-05,028(802)142-14-50,Joshua Garcia@gmail.com,942495,567,Libra
439,Edward Middleton,Estados Unidos,1977-11-20,7(44)326-85-18,Edward Middleton@gmail.com,275833,204,Libra
440,Rachel Sullivan,Reino Unido,2004-09-07,47(652)543-79-68,Rachel Sullivan@gmail.com,853010,636,Euro
441,Miss Janet Ryan DDS,Reino Unido,1988-04-24,18(898)416-10-13,Miss Janet Ryan DDS@gmail.com,286863,327,Dolar US
442,Mary Stephenson,Reino Unido,2000-03-04,676(31)879-14-87,Mary Stephenson@gmail.com,166941,883,Libra
443,Bradley Molina,Canada,1957-09-08,3(1781)158-77-88,Bradley Molina@gmail.com,167473,477,Libra
444,Kerry Smith,Canada,1960-07-09,8(848)620-32-28,Kerry Smith@gmail.com,328592,846,Dolar CA
445,Amy Perez,Estados Unidos,2000-01-05,9(49)274-88-07,Amy Perez@gmail.com,116972,449,Dolar CA
446,Mr. Kenneth Mckinney,Canada,1997-03-29,76(840)887-50-89,Mr. Kenneth Mckinney@gmail.com,764068,665,Libra
447,Richard Chambers,Canada,1991-12-19,0(3098)306-79-57,Richard Chambers@gmail.com,167129,715,Euro
448,Jessica Wright,Reino Unido,1990-08-01,15(53)505-47-14,Jessica Wright@gmail.com,149632,655,Dolar US
449,Jody Wolfe,Reino Unido,1988-02-08,07(816)962-03-99,Jody Wolfe@gmail.com,918488,290,Dolar US
450,Ashley Hines,Canada,2000-05-10,759(85)516-15-42,Ashley Hines@gmail.com,299339,721,Dolar US
451,Richard Neal,Estados Unidos,1997-10-29,0(77)940-90-29,Richard Neal@gmail.com,407209,31,Dolar US
452,Paul Austin,Estados Unidos,1971-08-21,28(94)226-97-85,Paul Austin@gmail.com,613860,209,Dolar CA
453,Jeremy Pierce,Reino Unido,1990-12-15,301(14)860-37-93,Jeremy Pierce@gmail.com,725055,20,Euro
454,Nicholas Burnett,Canada,1977-06-14,8(2702)154-84-26,Nicholas Burnett@gmail.com,737868,856,Euro
455,Michael Sanders,Canada,2002-06-13,1(0232)403-43-03,Michael Sanders@gmail.com,426986,822,Dolar CA
456,Kenneth Bolton,Estados Unidos,1978-08-08,025(955)715-65-72,Kenneth Bolton@gmail.com,509866,955,Dolar US
457,Abigail Jenkins,Estados Unidos,1969-06-06,92(258)992-33-37,Abigail Jenkins@gmail.com,254469,195,Dolar CA
458,Melissa Anderson,Estados Unidos,1988-11-08,4(7882)904-46-02,Melissa Anderson@gmail.com,168727,923,Euro
459,Lauren Francis,Estados Unidos,1983-04-02,621(46)360-60-40,Lauren Francis@gmail.com,691851,337,Dolar US
460,Stephanie Glover,Canada,1973-09-25,546(25)646-19-21,Stephanie Glover@gmail.com,801504,682,Euro
461,Brandon Malone,Reino Unido,2004-10-17,1(4308)226-39-67,Brandon Malone@gmail.com,967057,870,Euro
462,Paula Davenport,Reino Unido,1986-09-05,433(66)131-84-10,Paula Davenport@gmail.com,980629,658,Euro
463,Jessica Cox,Reino Unido,1974-02-25,324(5575)921-88-88,Jessica Cox@gmail.com,835840,812,Dolar CA
464,Edward Fritz,Reino Unido,1977-11-21,11(781)137-64-83,Edward Fritz@gmail.com,482075,600,Libra
465,Michael Webb,Canada,1993-02-28,086(341)333-22-10,Michael Webb@gmail.com,325541,568,Libra
466,Dr. Eileen Obrien,Reino Unido,1961-08-18,32(11)126-89-07,Dr. Eileen Obrien@gmail.com,293527,67,Euro
467,Monica English,Reino Unido,1958-01-17,9(0544)563-90-62,Monica English@gmail.com,404879,146,Dolar US
468,Helen Hernandez,Canada,1987-08-03,7(5096)284-86-39,Helen Hernandez@gmail.com,390201,514,Dolar US
469,Brandon Friedman,Reino Unido,1989-03-30,69(75)252-98-29,Brandon Friedman@gmail.com,930914,222,Dolar US
470,Alicia Silva,Reino Unido,1959-09-28,41(36)234-51-84,Alicia Silva@gmail.com,560508,88,Dolar US
471,Wendy Carpenter,Estados Unidos,1970-01-22,242(3568)834-72-77,Wendy Carpenter@gmail.com,963764,300,Dolar CA
472,Donna Vargas,Reino Unido,1955-05-14,181(547)830-78-99,Donna Vargas@gmail.com,921934,972,Euro
473,Lindsay Woods,Canada,1975-03-06,2(6754)384-10-18,Lindsay Woods@gmail.com,839808,558,Dolar US
474,Crystal Johnson,Reino Unido,1974-09-14,370(2461)910-71-00,Crystal Johnson@gmail.com,654886,930,Libra
475,George Dillon,Reino Unido,2004-12-31,9(140)895-90-78,George Dillon@gmail.com,531222,72,Dolar US
476,Karen Schaefer,Canada,1968-11-24,059(7458)507-21-83,Karen Schaefer@gmail.com,256966,837,Libra
477,Joshua Castillo,Estados Unidos,1964-05-03,79(106)919-08-79,Joshua Castillo@gmail.com,365433,903,Dolar US
478,Michele Huff,Estados Unidos,1969-11-04,398(33)089-81-07,Michele Huff@gmail.com,148475,697,Euro
479,Justin Daniel,Reino Unido,2000-04-15,54(165)559-55-82,Justin Daniel@gmail.com,224259,64,Euro
480,Ashley Clark,Reino Unido,1996-03-13,85(667)588-57-06,Ashley Clark@gmail.com,740736,34,Dolar CA
481,Nicholas Romero,Reino Unido,1990-07-15,51(0345)000-55-88,Nicholas Romero@gmail.com,326336,470,Libra
482,Juan Fisher DDS,Reino Unido,1972-08-03,6(431)371-22-83,Juan Fisher DDS@gmail.com,968782,811,Dolar US
483,Samantha Glass,Reino Unido,1973-04-21,381(94)458-55-30,Samantha Glass@gmail.com,725534,715,Euro
484,Dr. Kara Gill,Reino Unido,1967-07-21,21(76)998-60-09,Dr. Kara Gill@gmail.com,728760,20,Dolar US
485,Mary Smith,Estados Unidos,1980-04-16,382(05)426-90-15,Mary Smith@gmail.com,335112,692,Dolar US
486,Lisa Watson,Reino Unido,1962-09-20,29(4040)303-00-39,Lisa Watson@gmail.com,295223,566,Dolar US
487,Travis Schwartz,Canada,1978-04-13,7(3088)319-21-17,Travis Schwartz@gmail.com,335640,576,Dolar CA
488,Luis Wagner,Reino Unido,1997-04-08,36(87)921-95-20,Luis Wagner@gmail.com,904708,255,Dolar US
489,William Gonzalez,Canada,1975-04-08,207(48)312-40-55,William Gonzalez@gmail.com,112611,80,Euro
490,David Riddle DDS,Estados Unidos,1954-12-11,2(59)373-39-52,David Riddle DDS@gmail.com,417438,45,Dolar US
491,Christine Barajas,Reino Unido,1994-04-18,73(943)819-12-25,Christine Barajas@gmail.com,835935,437,Libra
492,Curtis Brennan,Reino Unido,1967-05-21,7(40)099-46-27,Curtis Brennan@gmail.com,629535,803,Libra
493,Steven Morgan,Reino Unido,1986-05-27,70(53)471-56-35,Steven Morgan@gmail.com,672293,116,Dolar CA
494,Brett Owen,Reino Unido,1985-01-06,573(5545)448-91-06,Brett Owen@gmail.com,132419,812,Libra
495,Joshua Patterson,Reino Unido,1972-10-25,870(188)035-38-39,Joshua Patterson@gmail.com,166980,473,Euro
496,Austin Tate,Reino Unido,1989-11-18,09(4807)127-81-61,Austin Tate@gmail.com,165416,488,Dolar US
497,Erin Cruz,Reino Unido,1977-10-07,79(223)217-57-88,Erin Cruz@gmail.com,944076,725,Dolar CA
498,Stephanie Payne,Canada,1971-12-24,9(9360)713-40-41,Stephanie Payne@gmail.com,401375,299,Libra
499,Natalie Stark,Reino Unido,1952-05-31,0(0302)458-21-61,Natalie Stark@gmail.com,122639,576,Dolar US
500,Tabitha Harris,Reino Unido,1995-10-06,8(77)484-20-87,Tabitha Harris@gmail.com,245265,106,Euro
501,Brittany Parker,Canada,1985-08-22,3(2363)764-21-34,Brittany Parker@gmail.com,697370,631,Dolar US
502,Richard Moreno,Canada,1998-08-12,9(276)505-35-74,Richard Moreno@gmail.com,622142,775,Libra
503,Eileen Nunez,Estados Unidos,1984-07-10,45(2709)877-29-95,Eileen Nunez@gmail.com,170550,368,Dolar US
504,Dale Meyer,Estados Unidos,1984-01-25,24(52)678-11-39,Dale Meyer@gmail.com,426323,791,Libra
505,Taylor Pineda MD,Reino Unido,1962-01-06,73(46)569-33-76,Taylor Pineda MD@gmail.com,278930,540,Dolar US
506,Jacob Smith,Reino Unido,1993-09-23,71(0685)526-34-77,Jacob Smith@gmail.com,598430,172,Dolar US
507,James King,Reino Unido,1986-04-13,3(630)159-19-39,James King@gmail.com,235952,373,Euro
508,William Callahan,Reino Unido,1969-11-24,66(4633)294-93-97,William Callahan@gmail.com,574559,87,Dolar CA
509,Philip Frank,Reino Unido,1997-08-13,2(69)625-22-71,Philip Frank@gmail.com,102748,41,Euro
510,Brandon Stokes,Reino Unido,1954-08-16,67(34)980-21-07,Brandon Stokes@gmail.com,503308,921,Dolar US
511,Nicole Gutierrez,Canada,2003-06-19,3(748)081-60-78,Nicole Gutierrez@gmail.com,527728,874,Dolar US
512,James Castro,Reino Unido,1970-12-21,4(81)141-84-08,James Castro@gmail.com,275602,915,Dolar US
513,Rebecca Nguyen,Canada,1963-02-10,18(220)698-67-02,Rebecca Nguyen@gmail.com,316420,263,Dolar CA
514,Gerald Weber,Estados Unidos,1982-01-17,711(10)817-09-10,Gerald Weber@gmail.com,441062,804,Libra
515,Michael Castro,Estados Unidos,1997-10-27,827(49)562-32-94,Michael Castro@gmail.com,243073,801,Dolar US
516,Nicole Lester,Estados Unidos,2004-05-08,82(947)852-55-17,Nicole Lester@gmail.com,457433,922,Libra
517,Hannah Petty,Canada,1961-02-19,06(8828)743-16-25,Hannah Petty@gmail.com,721251,204,Dolar CA
518,Nicole Yang,Estados Unidos,2003-02-13,0(7024)093-64-54,Nicole Yang@gmail.com,308941,29,Dolar CA
519,Elizabeth Campbell,Reino Unido,1982-01-21,5(83)010-86-39,Elizabeth Campbell@gmail.com,760309,749,Euro
520,Taylor Butler,Estados Unidos,1976-04-19,6(373)865-96-42,Taylor Butler@gmail.com,440259,119,Dolar CA
521,Alexander Soto,Estados Unidos,2002-11-24,9(7038)778-97-65,Alexander Soto@gmail.com,141800,566,Dolar US
522,Susan Acosta,Reino Unido,1966-12-24,6(8216)241-84-83,Susan Acosta@gmail.com,348281,761,Libra
523,Ellen Michael,Reino Unido,2000-12-13,125(3871)506-27-14,Ellen Michael@gmail.com,118160,71,Libra
524,Laurie Little,Estados Unidos,1970-08-21,93(191)332-81-55,Laurie Little@gmail.com,599806,492,Dolar US
525,Melvin Sullivan,Reino Unido,1991-07-09,80(19)255-21-80,Melvin Sullivan@gmail.com,224694,688,Dolar US
526,Edward Lewis,Reino Unido,1970-10-11,3(260)527-95-07,Edward Lewis@gmail.com,353098,254,Dolar US
527,Krista Kennedy,Estados Unidos,1966-02-05,520(234)377-90-87,Krista Kennedy@gmail.com,684187,374,Dolar CA
528,Joseph Jones,Reino Unido,1962-12-26,1(44)582-76-12,Joseph Jones@gmail.com,141653,355,Euro
529,William Conway MD,Reino Unido,1998-05-06,80(11)340-58-82,William Conway MD@gmail.com,496183,863,Dolar US
530,Debbie Williams,Estados Unidos,1996-10-02,815(2546)945-71-60,Debbie Williams@gmail.com,873527,369,Libra
531,Jennifer Crane,Canada,1963-10-18,509(1416)643-92-20,Jennifer Crane@gmail.com,535108,491,Dolar US
532,Christopher Griffin,Estados Unidos,1979-11-06,133(065)136-83-33,Christopher Griffin@gmail.com,336323,624,Euro
533,Charles Duncan,Estados Unidos,1960-12-25,21(720)955-87-79,Charles Duncan@gmail.com,523313,840,Euro
534,Glenn Lamb,Canada,1956-09-07,92(5241)643-47-78,Glenn Lamb@gmail.com,411276,209,Euro
535,Wendy Pittman,Reino Unido,1991-02-24,9(5626)124-99-28,Wendy Pittman@gmail.com,107353,137,Euro
536,Heather Kelly,Reino Unido,1989-10-18,11(739)152-59-92,Heather Kelly@gmail.com,457501,177,Dolar US
537,Angela Diaz,Estados Unidos,1962-11-10,028(802)142-14-50,Angela Diaz@gmail.com,404477,917,Euro
538,Kyle Wilcox,Reino Unido,1952-03-31,7(44)326-85-18,Kyle Wilcox@gmail.com,854823,188,Euro
539,Jaclyn Myers,Reino Unido,1975-05-28,47(652)543-79-68,Jaclyn Myers@gmail.com,527507,36,Dolar US
540,Deborah Wilson,Reino Unido,1957-04-02,18(898)416-10-13,Deborah Wilson@gmail.com,199050,944,Dolar CA
541,Patricia Hall,Reino Unido,1980-02-29,676(31)879-14-87,Patricia Hall@gmail.com,761756,300,Libra
542,Gregory Daugherty,Reino Unido,1961-07-30,3(1781)158-77-88,Gregory Daugherty@gmail.com,943144,34,Dolar CA
543,Troy Medina,Canada,1959-12-16,8(848)620-32-28,Troy Medina@gmail.com,299158,392,Dolar US
544,Hunter Christian,Canada,1964-06-04,9(49)274-88-07,Hunter Christian@gmail.com,420428,709,Dolar CA
545,Eric Owens,Canada,2003-01-04,76(840)887-50-89,Eric Owens@gmail.com,219610,793,Dolar CA
546,Randy Davis,Reino Unido,1987-08-23,0(3098)306-79-57,Randy Davis@gmail.com,378532,412,Dolar US
547,Brooke Montoya,Estados Unidos,1958-10-21,15(53)505-47-14,Brooke Montoya@gmail.com,205206,708,Libra
548,Howard Glover,Canada,1952-09-12,07(816)962-03-99,Howard Glover@gmail.com,184653,306,Euro
549,Michael Kramer,Canada,1964-10-21,759(85)516-15-42,Michael Kramer@gmail.com,832347,101,Dolar CA
550,Crystal Meyers DDS,Canada,1995-01-07,0(77)940-90-29,Crystal Meyers DDS@gmail.com,531411,109,Euro
551,Brian Hoffman,Reino Unido,2000-08-02,28(94)226-97-85,Brian Hoffman@gmail.com,582812,32,Euro
552,Todd Parrish,Reino Unido,1965-08-06,301(14)860-37-93,Todd Parrish@gmail.com,608151,660,Dolar US
553,James Harris,Reino Unido,1951-02-12,8(2702)154-84-26,James Harris@gmail.com,666252,982,Euro
554,Gabriella Reed,Reino Unido,1992-07-28,1(0232)403-43-03,Gabriella Reed@gmail.com,193049,295,Libra
555,Nicholas Robertson,Estados Unidos,2004-10-06,025(955)715-65-72,Nicholas Robertson@gmail.com,641970,592,Dolar CA
556,David Ritter,Reino Unido,1977-10-24,92(258)992-33-37,David Ritter@gmail.com,937609,251,Dolar CA
557,Cynthia Hernandez,Reino Unido,2000-11-18,4(7882)904-46-02,Cynthia Hernandez@gmail.com,151313,824,Dolar US
558,Alicia Cochran,Reino Unido,1955-02-10,621(46)360-60-40,Alicia Cochran@gmail.com,635675,21,Dolar US
559,Phillip Lee,Canada,1979-07-24,546(25)646-19-21,Phillip Lee@gmail.com,728044,826,Euro
560,Jessica Harper,Canada,1958-12-11,1(4308)226-39-67,Jessica Harper@gmail.com,405380,208,Dolar US
561,Kristina Patrick,Canada,2002-03-03,433(66)131-84-10,Kristina Patrick@gmail.com,292231,736,Euro
562,Sheila Jacobs,Canada,2000-05-02,324(5575)921-88-88,Sheila Jacobs@gmail.com,233758,872,Dolar US
563,Anna Jenkins,Estados Unidos,1980-03-11,11(781)137-64-83,Anna Jenkins@gmail.com,473651,190,Dolar US
564,Shelby Allen,Canada,1959-02-14,086(341)333-22-10,Shelby Allen@gmail.com,892058,229,Euro
565,Alice Stanley,Reino Unido,1989-09-23,32(11)126-89-07,Alice Stanley@gmail.com,968689,451,Libra
566,Patrick Gonzalez,Canada,1994-12-27,9(0544)563-90-62,Patrick Gonzalez@gmail.com,185060,744,Dolar CA
567,Barry Hopkins,Reino Unido,1994-09-17,7(5096)284-86-39,Barry Hopkins@gmail.com,245909,175,Euro
568,Becky Doyle,Canada,1962-05-08,69(75)252-98-29,Becky Doyle@gmail.com,542494,162,Dolar US
569,Levi Morton,Canada,1950-12-13,41(36)234-51-84,Levi Morton@gmail.com,260848,873,Euro
570,Micheal Ortega,Canada,1964-06-29,242(3568)834-72-77,Micheal Ortega@gmail.com,145564,696,Euro
571,Loretta Hernandez,Canada,1999-05-14,181(547)830-78-99,Loretta Hernandez@gmail.com,671350,367,Dolar CA
572,Heather Reynolds,Canada,1977-04-09,2(6754)384-10-18,Heather Reynolds@gmail.com,639836,329,Dolar CA
573,Christina Romero,Estados Unidos,1988-11-16,370(2461)910-71-00,Christina Romero@gmail.com,507596,769,Dolar US
574,Mark Lopez,Reino Unido,1994-08-18,9(140)895-90-78,Mark Lopez@gmail.com,558491,310,Libra
575,David Turner,Reino Unido,1954-02-21,059(7458)507-21-83,David Turner@gmail.com,312665,771,Dolar US
576,Dr. John Mendoza,Reino Unido,1999-04-05,79(106)919-08-79,Dr. John Mendoza@gmail.com,241097,872,Euro
577,Kimberly Garza,Reino Unido,1993-05-05,398(33)089-81-07,Kimberly Garza@gmail.com,442297,694,Euro
578,Justin Rivera,Reino Unido,1990-02-16,54(165)559-55-82,Justin Rivera@gmail.com,414361,238,Euro
579,Matthew Moreno,Reino Unido,1952-03-07,85(667)588-57-06,Matthew Moreno@gmail.com,379009,181,Euro
580,Kylie Martin,Reino Unido,2002-04-25,51(0345)000-55-88,Kylie Martin@gmail.com,817311,768,Libra
581,Gloria Nunez,Estados Unidos,1973-08-23,6(431)371-22-83,Gloria Nunez@gmail.com,553605,692,Euro
582,Dr. Steven Johnson,Canada,1961-01-19,381(94)458-55-30,Dr. Steven Johnson@gmail.com,326422,287,Dolar CA
583,Blake Hensley,Reino Unido,1984-12-10,21(76)998-60-09,Blake Hensley@gmail.com,774692,474,Dolar CA
584,Dawn Burns,Canada,2003-04-17,382(05)426-90-15,Dawn Burns@gmail.com,121511,660,Dolar CA
585,Kyle Mitchell,Reino Unido,1957-08-04,29(4040)303-00-39,Kyle Mitchell@gmail.com,687390,697,Dolar CA
586,Ellen Whitney,Reino Unido,1955-11-15,7(3088)319-21-17,Ellen Whitney@gmail.com,243733,192,Dolar CA
587,Brittany Calderon,Reino Unido,1975-02-09,36(87)921-95-20,Brittany Calderon@gmail.com,229893,172,Libra
588,James Paul,Estados Unidos,1971-04-19,207(48)312-40-55,James Paul@gmail.com,728561,510,Libra
589,Todd Nunez,Canada,1975-05-22,2(59)373-39-52,Todd Nunez@gmail.com,339871,712,Euro
590,Stephanie Davis,Canada,2002-05-25,73(943)819-12-25,Stephanie Davis@gmail.com,752848,948,Euro
591,Valerie Gould,Canada,1967-04-11,7(40)099-46-27,Valerie Gould@gmail.com,211401,302,Dolar CA
592,Lisa Graves,Estados Unidos,1959-02-24,70(53)471-56-35,Lisa Graves@gmail.com,652295,726,Dolar US
593,Jason Hansen,Estados Unidos,1956-06-24,573(5545)448-91-06,Jason Hansen@gmail.com,691790,254,Dolar CA
594,Mr. Matthew Pearson Jr.,Reino Unido,1964-07-20,870(188)035-38-39,Mr. Matthew Pearson Jr.@gmail.com,238228,952,Dolar CA
595,Shannon Moore,Reino Unido,1977-11-19,53(64)654-19-08,Shannon Moore@gmail.com,981414,63,Libra
596,Angel Sharp,Canada,1985-12-28,3(02)255-70-18,Angel Sharp@gmail.com,647494,605,Dolar CA
597,Aaron Wells,Estados Unidos,1997-07-26,47(0231)785-23-62,Aaron Wells@gmail.com,898767,311,Libra
598,Jesus Ellis,Estados Unidos,1995-04-14,55(8602)576-58-41,Jesus Ellis@gmail.com,981428,968,Dolar US
599,Steve Perez,Reino Unido,1964-07-29,1(33)521-38-37,Steve Perez@gmail.com,958084,296,Libra
600,Joshua Wright,Reino Unido,1983-05-31,61(19)790-64-82,Joshua Wright@gmail.com,546859,953,Libra
601,April Hill,Reino Unido,2002-04-11,6(1991)358-66-24,April Hill@gmail.com,183957,450,Libra
602,Cassidy Evans,Canada,1990-08-29,9(6198)859-82-46,Cassidy Evans@gmail.com,179543,837,Dolar US
603,Robin Oliver,Reino Unido,1976-06-05,43(53)766-35-20,Robin Oliver@gmail.com,832743,904,Libra
604,Sonya Goodman,Reino Unido,1989-09-01,707(7965)419-34-40,Sonya Goodman@gmail.com,166490,256,Libra
605,Taylor Savage,Canada,1989-06-14,833(762)259-45-71,Taylor Savage@gmail.com,675694,163,Dolar CA
606,Lori Wolfe,Estados Unidos,1997-10-29,58(459)914-25-92,Lori Wolfe@gmail.com,754555,855,Euro
607,Mary Reid,Estados Unidos,1980-08-31,76(1343)797-14-43,Mary Reid@gmail.com,515660,851,Dolar US
608,Rita Parker,Estados Unidos,1954-02-20,0(54)596-64-92,Rita Parker@gmail.com,637268,979,Libra
609,Daniel Brewer,Canada,1979-12-06,28(97)326-19-68,Daniel Brewer@gmail.com,495012,730,Dolar US
610,Matthew Rodriguez,Estados Unidos,1973-03-08,1(523)884-38-10,Matthew Rodriguez@gmail.com,406929,870,Euro
611,Joseph Williams,Reino Unido,1967-01-06,1(641)490-71-78,Joseph Williams@gmail.com,414682,123,Euro
612,Angela Mcconnell,Estados Unidos,1971-10-20,3(249)734-51-98,Angela Mcconnell@gmail.com,484120,618,Dolar US
613,Amy Morris,Canada,1954-09-05,1(3329)471-38-85,Amy Morris@gmail.com,225793,372,Dolar CA
614,Mike Frederick,Reino Unido,1986-02-24,65(3743)179-68-95,Mike Frederick@gmail.com,839186,645,Dolar CA
615,Morgan Franklin,Canada,1976-03-16,051(811)926-71-13,Morgan Franklin@gmail.com,499272,555,Euro
616,Brandy Martin,Reino Unido,1988-05-31,732(850)206-19-20,Brandy Martin@gmail.com,980289,378,Dolar US
617,Taylor Miller MD,Canada,1981-03-26,723(448)751-96-57,Taylor Miller MD@gmail.com,693711,75,Dolar US
618,Aaron Campbell,Estados Unidos,1993-01-16,89(6596)030-95-19,Aaron Campbell@gmail.com,238160,290,Euro
619,Jessica Smith,Reino Unido,1983-05-26,3(87)714-22-39,Jessica Smith@gmail.com,366219,903,Euro
620,Monica Mendoza,Reino Unido,1978-05-30,136(23)296-22-62,Monica Mendoza@gmail.com,749555,871,Dolar CA
621,Brendan Valentine,Canada,1960-09-16,711(40)170-60-20,Brendan Valentine@gmail.com,739246,132,Euro
622,Elizabeth Stephens,Reino Unido,1993-11-16,022(3501)970-24-20,Elizabeth Stephens@gmail.com,558273,518,Dolar CA
623,Amy Li,Canada,1954-06-27,3(28)199-26-95,Amy Li@gmail.com,602680,718,Libra
624,April Bell,Reino Unido,1997-07-28,859(23)343-22-45,April Bell@gmail.com,775786,940,Euro
625,Jasmine Aguilar,Estados Unidos,1988-08-02,65(0718)387-54-70,Jasmine Aguilar@gmail.com,594752,761,Euro
626,Thomas Russo,Reino Unido,1971-10-06,5(069)227-55-90,Thomas Russo@gmail.com,592383,999,Dolar CA
627,Eric Howell,Reino Unido,1964-05-17,6(6473)528-40-38,Eric Howell@gmail.com,937255,71,Libra
628,Dakota Wu,Reino Unido,1976-05-20,492(08)302-16-71,Dakota Wu@gmail.com,406209,76,Euro
629,Cheyenne Vaughn,Estados Unidos,1991-02-19,873(207)695-09-99,Cheyenne Vaughn@gmail.com,265876,464,Dolar US
630,Gail Johnson,Reino Unido,1962-08-18,49(5975)874-55-61,Gail Johnson@gmail.com,151626,293,Euro
631,Matthew Brown,Estados Unidos,1994-04-12,45(6653)493-49-30,Matthew Brown@gmail.com,180419,190,Dolar US
632,Rachel Perry,Reino Unido,1970-10-06,29(2745)100-77-20,Rachel Perry@gmail.com,102522,403,Dolar US
633,Karen Watts,Reino Unido,1965-10-23,7(7431)810-20-43,Karen Watts@gmail.com,673599,140,Dolar US
634,Kelly Ross,Estados Unidos,1963-12-04,62(90)559-66-63,Kelly Ross@gmail.com,201188,690,Dolar US
635,Michael Parrish,Reino Unido,1992-04-23,747(219)884-90-53,Michael Parrish@gmail.com,681922,206,Libra
636,Amanda Sullivan,Reino Unido,1958-03-31,99(296)429-08-54,Amanda Sullivan@gmail.com,802218,762,Libra
637,Edwin Perkins,Reino Unido,1974-10-28,394(1695)703-86-62,Edwin Perkins@gmail.com,734749,37,Dolar US
638,Julie Vasquez,Reino Unido,1977-04-16,68(5590)816-45-47,Julie Vasquez@gmail.com,615012,23,Dolar CA
639,Lauren Sullivan,Reino Unido,1958-08-23,97(5729)333-99-55,Lauren Sullivan@gmail.com,574653,68,Euro
640,Lindsay Davis,Reino Unido,2000-11-14,44(94)723-47-98,Lindsay Davis@gmail.com,901453,970,Dolar US
641,James Young,Reino Unido,1966-08-12,48(13)434-86-87,James Young@gmail.com,846034,722,Libra
642,Gregory Ward,Estados Unidos,1966-03-22,33(88)827-65-00,Gregory Ward@gmail.com,219217,267,Euro
643,Emma Williams,Estados Unidos,1962-03-27,0(8561)011-35-00,Emma Williams@gmail.com,531973,728,Dolar US
644,Charles Thomas,Reino Unido,1984-02-19,86(1960)431-09-11,Charles Thomas@gmail.com,460321,499,Dolar CA
645,John White,Estados Unidos,1960-11-15,2(17)257-37-19,John White@gmail.com,389483,133,Dolar CA
646,Alejandra Howard,Reino Unido,2004-11-03,135(1778)131-23-04,Alejandra Howard@gmail.com,191357,139,Libra
647,Susan Flores,Canada,1974-05-03,37(441)090-70-04,Susan Flores@gmail.com,638702,403,Dolar CA
648,Katie Nicholson,Reino Unido,1999-10-02,4(0668)497-52-16,Katie Nicholson@gmail.com,361589,640,Libra
649,Stephen Harper,Reino Unido,1993-01-08,694(39)092-06-31,Stephen Harper@gmail.com,295644,690,Libra
650,Kyle Keith,Reino Unido,1964-01-27,5(951)360-33-66,Kyle Keith@gmail.com,770641,856,Dolar CA
651,Susan Morrow,Reino Unido,1972-03-20,23(17)465-55-85,Susan Morrow@gmail.com,864673,298,Dolar US
652,Michael Marquez,Canada,1979-07-28,1(2622)496-09-93,Michael Marquez@gmail.com,224726,595,Euro
653,Ronald Todd,Estados Unidos,1989-02-11,58(8906)527-08-55,Ronald Todd@gmail.com,484957,310,Libra
654,Jessica Rodriguez,Reino Unido,1999-10-09,7(33)659-51-95,Jessica Rodriguez@gmail.com,412838,856,Euro
655,Ariana Kelly,Estados Unidos,1977-06-15,3(72)520-24-55,Ariana Kelly@gmail.com,634178,73,Euro
656,Steven Stein,Canada,1982-09-19,5(714)488-94-49,Steven Stein@gmail.com,688511,99,Dolar US
657,Christopher Swanson,Canada,1998-09-06,694(3655)077-32-28,Christopher Swanson@gmail.com,757439,592,Dolar US
658,Brianna Shelton,Reino Unido,1976-12-12,81(06)445-49-04,Brianna Shelton@gmail.com,192840,646,Dolar US
659,Lisa Davis,Estados Unidos,1980-10-07,633(609)609-33-16,Lisa Davis@gmail.com,104669,478,Euro
660,Benjamin Perry,Reino Unido,1986-05-16,6(385)505-14-41,Benjamin Perry@gmail.com,527537,842,Libra
661,Tammy Lewis,Reino Unido,1976-09-19,372(1971)310-75-23,Tammy Lewis@gmail.com,416140,329,Euro
662,Shaun Weber,Reino Unido,1954-08-15,88(74)245-38-95,Shaun Weber@gmail.com,617723,811,Euro
663,Jessica Silva,Reino Unido,1987-10-31,220(4966)071-72-31,Jessica Silva@gmail.com,203685,302,Euro
664,Jessica Nguyen,Reino Unido,1976-11-09,209(49)846-74-25,Jessica Nguyen@gmail.com,960605,659,Euro
665,Angel Harrison,Canada,1958-08-04,457(4455)362-60-45,Angel Harrison@gmail.com,590806,729,Euro
666,Christina Wood,Canada,1985-02-04,45(946)935-45-01,Christina Wood@gmail.com,763607,68,Dolar US
667,Cynthia Carter,Reino Unido,1994-12-12,6(0125)793-95-34,Cynthia Carter@gmail.com,924271,850,Euro
668,Nicholas Collins,Estados Unidos,1955-02-09,6(5080)600-14-61,Nicholas Collins@gmail.com,242320,20,Dolar CA
669,Caitlin Peters,Reino Unido,1954-11-13,67(697)551-85-62,Caitlin Peters@gmail.com,674726,327,Dolar CA
670,Ronald Barrett,Canada,1974-06-07,798(963)247-38-35,Ronald Barrett@gmail.com,590776,72,Dolar CA
671,Devin Spears,Estados Unidos,1975-09-23,03(7270)217-78-97,Devin Spears@gmail.com,646049,640,Dolar CA
672,Patricia Logan,Canada,1973-05-22,85(8235)738-67-30,Patricia Logan@gmail.com,903102,683,Libra
673,Bruce Guzman,Estados Unidos,1994-07-16,705(75)075-86-45,Bruce Guzman@gmail.com,500007,689,Dolar CA
674,Penny Hensley,Reino Unido,1958-06-14,3(22)687-41-60,Penny Hensley@gmail.com,623206,288,Euro
675,Kristin Hampton,Reino Unido,1956-12-01,017(1279)506-18-35,Kristin Hampton@gmail.com,631604,836,Dolar US
676,Holly Phillips,Estados Unidos,1965-10-17,69(829)079-23-91,Holly Phillips@gmail.com,517393,339,Euro
677,Laurie Morgan,Reino Unido,1975-06-19,18(31)204-36-52,Laurie Morgan@gmail.com,854289,410,Dolar US
678,Steven Duran,Canada,1980-09-03,165(34)293-99-53,Steven Duran@gmail.com,601054,69,Euro
679,Amanda Perez,Reino Unido,1982-10-13,660(736)670-93-62,Amanda Perez@gmail.com,346012,316,Euro
680,Crystal Hardin,Reino Unido,1979-03-12,79(8242)354-30-72,Crystal Hardin@gmail.com,735009,195,Dolar US
681,Diana Jordan,Reino Unido,1964-01-09,422(69)369-20-55,Diana Jordan@gmail.com,585419,829,Dolar US
682,Jordan Parker,Canada,1951-08-18,34(267)119-54-03,Jordan Parker@gmail.com,427619,25,Euro
683,Jason Lawson,Canada,1970-08-28,870(06)997-82-74,Jason Lawson@gmail.com,161091,869,Dolar CA
684,Katrina Sellers,Canada,1992-03-21,282(083)944-59-58,Katrina Sellers@gmail.com,106400,325,Euro
685,Tracy Caldwell,Canada,1994-10-21,466(636)335-61-94,Tracy Caldwell@gmail.com,849660,74,Dolar US
686,Tammy Simmons,Reino Unido,1961-10-07,86(8423)789-63-73,Tammy Simmons@gmail.com,935925,125,Dolar US
687,Nathan Brown,Estados Unidos,1982-09-23,403(39)732-45-18,Nathan Brown@gmail.com,335361,207,Dolar US
688,Heather Fisher,Estados Unidos,1965-10-11,948(9123)034-41-72,Heather Fisher@gmail.com,368982,798,Dolar CA
689,Peter Patterson,Estados Unidos,1989-04-02,75(153)853-37-13,Peter Patterson@gmail.com,133718,809,Libra
690,Robin Sims,Reino Unido,1971-12-05,616(389)825-34-35,Robin Sims@gmail.com,394292,970,Dolar CA
691,Julie Roy,Canada,1955-05-29,105(59)455-82-71,Julie Roy@gmail.com,605713,833,Libra
692,Michael Meza,Estados Unidos,1961-06-05,3(696)984-13-75,Michael Meza@gmail.com,438774,602,Euro
693,Janet Mack,Estados Unidos,2000-08-31,259(12)043-50-18,Janet Mack@gmail.com,121223,129,Dolar CA
694,Gary Chambers,Estados Unidos,1970-02-16,132(8660)620-57-04,Gary Chambers@gmail.com,555137,492,Euro
695,Teresa Phillips,Estados Unidos,1954-07-01,3(221)118-79-54,Teresa Phillips@gmail.com,287433,976,Dolar US
696,Rachel Farmer,Reino Unido,1960-01-27,680(660)269-31-74,Rachel Farmer@gmail.com,569257,191,Libra
697,Rebecca Hodge,Reino Unido,1954-10-31,97(1011)209-15-49,Rebecca Hodge@gmail.com,980217,416,Euro
698,Richard Conrad,Reino Unido,1989-11-25,2(58)659-25-34,Richard Conrad@gmail.com,526733,545,Euro
699,Crystal Jones,Canada,1989-07-19,7(34)441-66-46,Crystal Jones@gmail.com,555498,803,Euro
700,Rhonda Scott,Estados Unidos,1953-11-14,52(53)591-25-72,Rhonda Scott@gmail.com,197640,644,Libra